Country,Region/State,City,Zip/Postal Code From,Zip/Postal Code To,Weight>,Weight<=,Shipping Price,Shipping Method
GBR,*,*,*,,0,0,0,Standard Delivery (1 - 3 Days)
GBR,*,*,*,,0,0,3.95,DPD Next Day Delivery (Order before 2pm)
GBR,*,*,AB36,,0,0,9.99,DPD 2 Day Delivery
GBR,*,*,AB37,,0,0,9.99,DPD 2 Day Delivery
GBR,*,*,AB38,,0,0,9.99,DPD 2 Day Delivery
GBR,*,*,AB55,,0,0,9.99,DPD 2 Day Delivery
GBR,*,*,AB56,,0,0,9.99,DPD 2 Day Delivery
GBR,*,*,BT1,,0,0,9.99,DPD 2 Day Delivery
GBR,*,*,BT10,,0,0,9.99,DPD 2 Day Delivery
GBR,*,*,BT11,,0,0,9.99,DPD 2 Day Delivery
GBR,*,*,BT12,,0,0,9.99,DPD 2 Day Delivery
GBR,*,*,BT13,,0,0,9.99,DPD 2 Day Delivery
GBR,*,*,BT14,,0,0,9.99,DPD 2 Day Delivery
GBR,*,*,BT15,,0,0,9.99,DPD 2 Day Delivery
GBR,*,*,BT16,,0,0,9.99,DPD 2 Day Delivery
GBR,*,*,BT17,,0,0,9.99,DPD 2 Day Delivery
GBR,*,*,BT18,,0,0,9.99,DPD 2 Day Delivery
GBR,*,*,BT19,,0,0,9.99,DPD 2 Day Delivery
GBR,*,*,BT2,,0,0,9.99,DPD 2 Day Delivery
GBR,*,*,BT20,,0,0,9.99,DPD 2 Day Delivery
GBR,*,*,BT21,,0,0,9.99,DPD 2 Day Delivery
GBR,*,*,BT22,,0,0,9.99,DPD 2 Day Delivery
GBR,*,*,BT23,,0,0,9.99,DPD 2 Day Delivery
GBR,*,*,BT24,,0,0,9.99,DPD 2 Day Delivery
GBR,*,*,BT25,,0,0,9.99,DPD 2 Day Delivery
GBR,*,*,BT26,,0,0,9.99,DPD 2 Day Delivery
GBR,*,*,BT27,,0,0,9.99,DPD 2 Day Delivery
GBR,*,*,BT28,,0,0,9.99,DPD 2 Day Delivery
GBR,*,*,BT29,,0,0,9.99,DPD 2 Day Delivery
GBR,*,*,BT3,,0,0,9.99,DPD 2 Day Delivery
GBR,*,*,BT30,,0,0,9.99,DPD 2 Day Delivery
GBR,*,*,BT31,,0,0,9.99,DPD 2 Day Delivery
GBR,*,*,BT32,,0,0,9.99,DPD 2 Day Delivery
GBR,*,*,BT33,,0,0,9.99,DPD 2 Day Delivery
GBR,*,*,BT34,,0,0,9.99,DPD 2 Day Delivery
GBR,*,*,BT35,,0,0,9.99,DPD 2 Day Delivery
GBR,*,*,BT36,,0,0,9.99,DPD 2 Day Delivery
GBR,*,*,BT37,,0,0,9.99,DPD 2 Day Delivery
GBR,*,*,BT38,,0,0,9.99,DPD 2 Day Delivery
GBR,*,*,BT39,,0,0,9.99,DPD 2 Day Delivery
GBR,*,*,BT4,,0,0,9.99,DPD 2 Day Delivery
GBR,*,*,BT40,,0,0,9.99,DPD 2 Day Delivery
GBR,*,*,BT41,,0,0,9.99,DPD 2 Day Delivery
GBR,*,*,BT42,,0,0,9.99,DPD 2 Day Delivery
GBR,*,*,BT43,,0,0,9.99,DPD 2 Day Delivery
GBR,*,*,BT44,,0,0,9.99,DPD 2 Day Delivery
GBR,*,*,BT45,,0,0,9.99,DPD 2 Day Delivery
GBR,*,*,BT46,,0,0,9.99,DPD 2 Day Delivery
GBR,*,*,BT47,,0,0,9.99,DPD 2 Day Delivery
GBR,*,*,BT48,,0,0,9.99,DPD 2 Day Delivery
GBR,*,*,BT49,,0,0,9.99,DPD 2 Day Delivery
GBR,*,*,BT5,,0,0,9.99,DPD 2 Day Delivery
GBR,*,*,BT51,,0,0,9.99,DPD 2 Day Delivery
GBR,*,*,BT52,,0,0,9.99,DPD 2 Day Delivery
GBR,*,*,BT53,,0,0,9.99,DPD 2 Day Delivery
GBR,*,*,BT54,,0,0,9.99,DPD 2 Day Delivery
GBR,*,*,BT55,,0,0,9.99,DPD 2 Day Delivery
GBR,*,*,BT56,,0,0,9.99,DPD 2 Day Delivery
GBR,*,*,BT57,,0,0,9.99,DPD 2 Day Delivery
GBR,*,*,BT6,,0,0,9.99,DPD 2 Day Delivery
GBR,*,*,BT60,,0,0,9.99,DPD 2 Day Delivery
GBR,*,*,BT61,,0,0,9.99,DPD 2 Day Delivery
GBR,*,*,BT62,,0,0,9.99,DPD 2 Day Delivery
GBR,*,*,BT63,,0,0,9.99,DPD 2 Day Delivery
GBR,*,*,BT64,,0,0,9.99,DPD 2 Day Delivery
GBR,*,*,BT65,,0,0,9.99,DPD 2 Day Delivery
GBR,*,*,BT66,,0,0,9.99,DPD 2 Day Delivery
GBR,*,*,BT67,,0,0,9.99,DPD 2 Day Delivery
GBR,*,*,BT68,,0,0,9.99,DPD 2 Day Delivery
GBR,*,*,BT69,,0,0,9.99,DPD 2 Day Delivery
GBR,*,*,BT7,,0,0,9.99,DPD 2 Day Delivery
GBR,*,*,BT70,,0,0,9.99,DPD 2 Day Delivery
GBR,*,*,BT71,,0,0,9.99,DPD 2 Day Delivery
GBR,*,*,BT74,,0,0,9.99,DPD 2 Day Delivery
GBR,*,*,BT75,,0,0,9.99,DPD 2 Day Delivery
GBR,*,*,BT76,,0,0,9.99,DPD 2 Day Delivery
GBR,*,*,BT77,,0,0,9.99,DPD 2 Day Delivery
GBR,*,*,BT78,,0,0,9.99,DPD 2 Day Delivery
GBR,*,*,BT79,,0,0,9.99,DPD 2 Day Delivery
GBR,*,*,BT8,,0,0,9.99,DPD 2 Day Delivery
GBR,*,*,BT80,,0,0,9.99,DPD 2 Day Delivery
GBR,*,*,BT81,,0,0,9.99,DPD 2 Day Delivery
GBR,*,*,BT82,,0,0,9.99,DPD 2 Day Delivery
GBR,*,*,BT9,,0,0,9.99,DPD 2 Day Delivery
GBR,*,*,BT92,,0,0,9.99,DPD 2 Day Delivery
GBR,*,*,BT93,,0,0,9.99,DPD 2 Day Delivery
GBR,*,*,BT94,,0,0,9.99,DPD 2 Day Delivery
GBR,*,*,FK17,,0,0,9.99,DPD 2 Day Delivery
GBR,*,*,FK18,,0,0,9.99,DPD 2 Day Delivery
GBR,*,*,FK19,,0,0,9.99,DPD 2 Day Delivery
GBR,*,*,FK20,,0,0,9.99,DPD 2 Day Delivery
GBR,*,*,FK21,,0,0,9.99,DPD 2 Day Delivery
GBR,*,*,GY,,0,0,9.99,DPD 2 Day Delivery
GBR,*,*,HS1,,0,0,9.99,DPD 2 Day Delivery
GBR,*,*,HS2,,0,0,9.99,DPD 2 Day Delivery
GBR,*,*,HS3,,0,0,9.99,DPD 2 Day Delivery
GBR,*,*,HS4,,0,0,9.99,DPD 2 Day Delivery
GBR,*,*,HS5,,0,0,9.99,DPD 2 Day Delivery
GBR,*,*,HS6,,0,0,9.99,DPD 2 Day Delivery
GBR,*,*,HS7,,0,0,9.99,DPD 2 Day Delivery
GBR,*,*,HS8,,0,0,9.99,DPD 2 Day Delivery
GBR,*,*,HS9,,0,0,9.99,DPD 2 Day Delivery
GBR,*,*,IM1,,0,0,9.99,DPD 2 Day Delivery
GBR,*,*,IM2,,0,0,9.99,DPD 2 Day Delivery
GBR,*,*,IM3,,0,0,9.99,DPD 2 Day Delivery
GBR,*,*,IM4,,0,0,9.99,DPD 2 Day Delivery
GBR,*,*,IM5,,0,0,9.99,DPD 2 Day Delivery
GBR,*,*,IM6,,0,0,9.99,DPD 2 Day Delivery
GBR,*,*,IM7,,0,0,9.99,DPD 2 Day Delivery
GBR,*,*,IM8,,0,0,9.99,DPD 2 Day Delivery
GBR,*,*,IM9,,0,0,9.99,DPD 2 Day Delivery
GBR,*,*,IV1,,0,0,9.99,DPD 2 Day Delivery
GBR,*,*,IV10,,0,0,9.99,DPD 2 Day Delivery
GBR,*,*,IV11,,0,0,9.99,DPD 2 Day Delivery
GBR,*,*,IV12,,0,0,9.99,DPD 2 Day Delivery
GBR,*,*,IV13,,0,0,9.99,DPD 2 Day Delivery
GBR,*,*,IV14,,0,0,9.99,DPD 2 Day Delivery
GBR,*,*,IV15,,0,0,9.99,DPD 2 Day Delivery
GBR,*,*,IV16,,0,0,9.99,DPD 2 Day Delivery
GBR,*,*,IV17,,0,0,9.99,DPD 2 Day Delivery
GBR,*,*,IV18,,0,0,9.99,DPD 2 Day Delivery
GBR,*,*,IV19,,0,0,9.99,DPD 2 Day Delivery
GBR,*,*,IV2,,0,0,9.99,DPD 2 Day Delivery
GBR,*,*,IV20,,0,0,9.99,DPD 2 Day Delivery
GBR,*,*,IV21,,0,0,9.99,DPD 2 Day Delivery
GBR,*,*,IV22,,0,0,9.99,DPD 2 Day Delivery
GBR,*,*,IV23,,0,0,9.99,DPD 2 Day Delivery
GBR,*,*,IV24,,0,0,9.99,DPD 2 Day Delivery
GBR,*,*,IV25,,0,0,9.99,DPD 2 Day Delivery
GBR,*,*,IV26,,0,0,9.99,DPD 2 Day Delivery
GBR,*,*,IV27,,0,0,9.99,DPD 2 Day Delivery
GBR,*,*,IV28,,0,0,9.99,DPD 2 Day Delivery
GBR,*,*,IV29,,0,0,9.99,DPD 2 Day Delivery
GBR,*,*,IV3,,0,0,9.99,DPD 2 Day Delivery
GBR,*,*,IV30,,0,0,9.99,DPD 2 Day Delivery
GBR,*,*,IV31,,0,0,9.99,DPD 2 Day Delivery
GBR,*,*,IV32,,0,0,9.99,DPD 2 Day Delivery
GBR,*,*,IV33,,0,0,9.99,DPD 2 Day Delivery
GBR,*,*,IV34,,0,0,9.99,DPD 2 Day Delivery
GBR,*,*,IV35,,0,0,9.99,DPD 2 Day Delivery
GBR,*,*,IV36,,0,0,9.99,DPD 2 Day Delivery
GBR,*,*,IV37,,0,0,9.99,DPD 2 Day Delivery
GBR,*,*,IV38,,0,0,9.99,DPD 2 Day Delivery
GBR,*,*,IV39,,0,0,9.99,DPD 2 Day Delivery
GBR,*,*,IV4,,0,0,9.99,DPD 2 Day Delivery
GBR,*,*,IV40,,0,0,9.99,DPD 2 Day Delivery
GBR,*,*,IV41,,0,0,9.99,DPD 2 Day Delivery
GBR,*,*,IV42,,0,0,9.99,DPD 2 Day Delivery
GBR,*,*,IV43,,0,0,9.99,DPD 2 Day Delivery
GBR,*,*,IV44,,0,0,9.99,DPD 2 Day Delivery
GBR,*,*,IV45,,0,0,9.99,DPD 2 Day Delivery
GBR,*,*,IV46,,0,0,9.99,DPD 2 Day Delivery
GBR,*,*,IV47,,0,0,9.99,DPD 2 Day Delivery
GBR,*,*,IV48,,0,0,9.99,DPD 2 Day Delivery
GBR,*,*,IV49,,0,0,9.99,DPD 2 Day Delivery
GBR,*,*,IV5,,0,0,9.99,DPD 2 Day Delivery
GBR,*,*,IV50,,0,0,9.99,DPD 2 Day Delivery
GBR,*,*,IV51,,0,0,9.99,DPD 2 Day Delivery
GBR,*,*,IV52,,0,0,9.99,DPD 2 Day Delivery
GBR,*,*,IV53,,0,0,9.99,DPD 2 Day Delivery
GBR,*,*,IV54,,0,0,9.99,DPD 2 Day Delivery
GBR,*,*,IV55,,0,0,9.99,DPD 2 Day Delivery
GBR,*,*,IV56,,0,0,9.99,DPD 2 Day Delivery
GBR,*,*,IV6,,0,0,9.99,DPD 2 Day Delivery
GBR,*,*,IV63,,0,0,9.99,DPD 2 Day Delivery
GBR,*,*,IV7,,0,0,9.99,DPD 2 Day Delivery
GBR,*,*,IV8,,0,0,9.99,DPD 2 Day Delivery
GBR,*,*,IV9,,0,0,9.99,DPD 2 Day Delivery
GBR,*,*,JE1,,0,0,9.99,DPD 2 Day Delivery
GBR,*,*,JE2,,0,0,9.99,DPD 2 Day Delivery
GBR,*,*,JE3,,0,0,9.99,DPD 2 Day Delivery
GBR,*,*,JE4,,0,0,9.99,DPD 2 Day Delivery
GBR,*,*,JE5,,0,0,9.99,DPD 2 Day Delivery
GBR,*,*,JEY,,0,0,9.99,DPD 2 Day Delivery
GBR,*,*,KA27,,0,0,9.99,DPD 2 Day Delivery
GBR,*,*,KA28,,0,0,9.99,DPD 2 Day Delivery
GBR,*,*,KW1,,0,0,9.99,DPD 2 Day Delivery
GBR,*,*,KW10,,0,0,9.99,DPD 2 Day Delivery
GBR,*,*,KW11,,0,0,9.99,DPD 2 Day Delivery
GBR,*,*,KW12,,0,0,9.99,DPD 2 Day Delivery
GBR,*,*,KW13,,0,0,9.99,DPD 2 Day Delivery
GBR,*,*,KW14,,0,0,9.99,DPD 2 Day Delivery
GBR,*,*,KW15,,0,0,9.99,DPD 2 Day Delivery
GBR,*,*,KW16,,0,0,9.99,DPD 2 Day Delivery
GBR,*,*,KW17,,0,0,9.99,DPD 2 Day Delivery
GBR,*,*,KW2,,0,0,9.99,DPD 2 Day Delivery
GBR,*,*,KW3,,0,0,9.99,DPD 2 Day Delivery
GBR,*,*,KW4,,0,0,9.99,DPD 2 Day Delivery
GBR,*,*,KW5,,0,0,9.99,DPD 2 Day Delivery
GBR,*,*,KW6,,0,0,9.99,DPD 2 Day Delivery
GBR,*,*,KW7,,0,0,9.99,DPD 2 Day Delivery
GBR,*,*,KW8,,0,0,9.99,DPD 2 Day Delivery
GBR,*,*,KW9,,0,0,9.99,DPD 2 Day Delivery
GBR,*,*,PA20,,0,0,9.99,DPD 2 Day Delivery
GBR,*,*,PA21,,0,0,9.99,DPD 2 Day Delivery
GBR,*,*,PA22,,0,0,9.99,DPD 2 Day Delivery
GBR,*,*,PA23,,0,0,9.99,DPD 2 Day Delivery
GBR,*,*,PA24,,0,0,9.99,DPD 2 Day Delivery
GBR,*,*,PA25,,0,0,9.99,DPD 2 Day Delivery
GBR,*,*,PA26,,0,0,9.99,DPD 2 Day Delivery
GBR,*,*,PA27,,0,0,9.99,DPD 2 Day Delivery
GBR,*,*,PA28,,0,0,9.99,DPD 2 Day Delivery
GBR,*,*,PA29,,0,0,9.99,DPD 2 Day Delivery
GBR,*,*,PA30,,0,0,9.99,DPD 2 Day Delivery
GBR,*,*,PA31,,0,0,9.99,DPD 2 Day Delivery
GBR,*,*,PA32,,0,0,9.99,DPD 2 Day Delivery
GBR,*,*,PA33,,0,0,9.99,DPD 2 Day Delivery
GBR,*,*,PA34,,0,0,9.99,DPD 2 Day Delivery
GBR,*,*,PA35,,0,0,9.99,DPD 2 Day Delivery
GBR,*,*,PA36,,0,0,9.99,DPD 2 Day Delivery
GBR,*,*,PA37,,0,0,9.99,DPD 2 Day Delivery
GBR,*,*,PA38,,0,0,9.99,DPD 2 Day Delivery
GBR,*,*,PA39,,0,0,9.99,DPD 2 Day Delivery
GBR,*,*,PA40,,0,0,9.99,DPD 2 Day Delivery
GBR,*,*,PA41,,0,0,9.99,DPD 2 Day Delivery
GBR,*,*,PA42,,0,0,9.99,DPD 2 Day Delivery
GBR,*,*,PA43,,0,0,9.99,DPD 2 Day Delivery
GBR,*,*,PA44,,0,0,9.99,DPD 2 Day Delivery
GBR,*,*,PA45,,0,0,9.99,DPD 2 Day Delivery
GBR,*,*,PA46,,0,0,9.99,DPD 2 Day Delivery
GBR,*,*,PA47,,0,0,9.99,DPD 2 Day Delivery
GBR,*,*,PA48,,0,0,9.99,DPD 2 Day Delivery
GBR,*,*,PA49,,0,0,9.99,DPD 2 Day Delivery
GBR,*,*,PA60,,0,0,9.99,DPD 2 Day Delivery
GBR,*,*,PA61,,0,0,9.99,DPD 2 Day Delivery
GBR,*,*,PA62,,0,0,9.99,DPD 2 Day Delivery
GBR,*,*,PA63,,0,0,9.99,DPD 2 Day Delivery
GBR,*,*,PA64,,0,0,9.99,DPD 2 Day Delivery
GBR,*,*,PA65,,0,0,9.99,DPD 2 Day Delivery
GBR,*,*,PA66,,0,0,9.99,DPD 2 Day Delivery
GBR,*,*,PA67,,0,0,9.99,DPD 2 Day Delivery
GBR,*,*,PA68,,0,0,9.99,DPD 2 Day Delivery
GBR,*,*,PA69,,0,0,9.99,DPD 2 Day Delivery
GBR,*,*,PA70,,0,0,9.99,DPD 2 Day Delivery
GBR,*,*,PA71,,0,0,9.99,DPD 2 Day Delivery
GBR,*,*,PA72,,0,0,9.99,DPD 2 Day Delivery
GBR,*,*,PA73,,0,0,9.99,DPD 2 Day Delivery
GBR,*,*,PA74,,0,0,9.99,DPD 2 Day Delivery
GBR,*,*,PA75,,0,0,9.99,DPD 2 Day Delivery
GBR,*,*,PA76,,0,0,9.99,DPD 2 Day Delivery
GBR,*,*,PA77,,0,0,9.99,DPD 2 Day Delivery
GBR,*,*,PA78,,0,0,9.99,DPD 2 Day Delivery
GBR,*,*,PH19,,0,0,9.99,DPD 2 Day Delivery
GBR,*,*,PH20,,0,0,9.99,DPD 2 Day Delivery
GBR,*,*,PH21,,0,0,9.99,DPD 2 Day Delivery
GBR,*,*,PH22,,0,0,9.99,DPD 2 Day Delivery
GBR,*,*,PH23,,0,0,9.99,DPD 2 Day Delivery
GBR,*,*,PH24,,0,0,9.99,DPD 2 Day Delivery
GBR,*,*,PH25,,0,0,9.99,DPD 2 Day Delivery
GBR,*,*,PH26,,0,0,9.99,DPD 2 Day Delivery
GBR,*,*,PH30,,0,0,9.99,DPD 2 Day Delivery
GBR,*,*,PH31,,0,0,9.99,DPD 2 Day Delivery
GBR,*,*,PH32,,0,0,9.99,DPD 2 Day Delivery
GBR,*,*,PH33,,0,0,9.99,DPD 2 Day Delivery
GBR,*,*,PH34,,0,0,9.99,DPD 2 Day Delivery
GBR,*,*,PH35,,0,0,9.99,DPD 2 Day Delivery
GBR,*,*,PH36,,0,0,9.99,DPD 2 Day Delivery
GBR,*,*,PH37,,0,0,9.99,DPD 2 Day Delivery
GBR,*,*,PH38,,0,0,9.99,DPD 2 Day Delivery
GBR,*,*,PH39,,0,0,9.99,DPD 2 Day Delivery
GBR,*,*,PH40,,0,0,9.99,DPD 2 Day Delivery
GBR,*,*,PH41,,0,0,9.99,DPD 2 Day Delivery
GBR,*,*,PH42,,0,0,9.99,DPD 2 Day Delivery
GBR,*,*,PH43,,0,0,9.99,DPD 2 Day Delivery
GBR,*,*,PH44,,0,0,9.99,DPD 2 Day Delivery
GBR,*,*,PH49,,0,0,9.99,DPD 2 Day Delivery
GBR,*,*,PH50,,0,0,9.99,DPD 2 Day Delivery
GBR,*,*,PO,,0,0,9.99,DPD 2 Day Delivery
GBR,*,*,PO30,,0,0,9.99,DPD 2 Day Delivery
GBR,*,*,PO31,,0,0,9.99,DPD 2 Day Delivery
GBR,*,*,PO32,,0,0,9.99,DPD 2 Day Delivery
GBR,*,*,PO33,,0,0,9.99,DPD 2 Day Delivery
GBR,*,*,PO34,,0,0,9.99,DPD 2 Day Delivery
GBR,*,*,PO35,,0,0,9.99,DPD 2 Day Delivery
GBR,*,*,PO36,,0,0,9.99,DPD 2 Day Delivery
GBR,*,*,PO37,,0,0,9.99,DPD 2 Day Delivery
GBR,*,*,PO38,,0,0,9.99,DPD 2 Day Delivery
GBR,*,*,PO39,,0,0,9.99,DPD 2 Day Delivery
GBR,*,*,PO40,,0,0,9.99,DPD 2 Day Delivery
GBR,*,*,PO41,,0,0,9.99,DPD 2 Day Delivery
GBR,*,*,TR21,,0,0,9.99,DPD 2 Day Delivery
GBR,*,*,TR22,,0,0,9.99,DPD 2 Day Delivery
GBR,*,*,TR23,,0,0,9.99,DPD 2 Day Delivery
GBR,*,*,TR24,,0,0,9.99,DPD 2 Day Delivery
GBR,*,*,TR25,,0,0,9.99,DPD 2 Day Delivery
GBR,*,*,ZE1,,0,0,9.99,DPD 2 Day Delivery
GBR,*,*,ZE2,,0,0,9.99,DPD 2 Day Delivery
GBR,*,*,ZE3,,0,0,9.99,DPD 2 Day Delivery
